video_num,depth_scale
0,0.0094984699698055
1,0.0098630147821762
2,0.009637871910544
3,0.0095110332264619
4,0.0094924842610078
5,0.009435505025527
6,0.0094667472091375
7,0.0094340380500344
8,0.0095246212155211
9,0.0095598688312605
10,0.0096849759419759
11,0.0097977582146139
12,0.0097187883713666
13,0.0099459554634842
14,0.0097905345991546
15,0.0096456808202406
16,0.0096913599500469
17,0.0096465391271254
18,0.0094920083588244
19,0.0095170077155618
20,0.0096639520981732