video_num,depth_scale
0,0.0101667123682358
1,0.0102813758102117
2,0.0103441369299795
3,0.0101918426214479
4,0.0101691451727175
5,0.0102930181166704
6,0.0100971100377101
7,0.0100762124155081
8,0.0101583050746543
9,0.0100511700499291
10,0.0103353519065707
11,0.0100541040009143
12,0.0099642604005103
13,0.0101199271632175
14,0.0099784523833031
15,0.0099843137404497
16,0.0100476077958649
17,0.0101245786629471
18,0.0099966236189299
19,0.0098807559293859
20,0.010281078488219