video_num,depth_scale
0,0.0092976579479142
1,0.0096612537608427
2,0.0093651500402712
3,0.0092539749893487
4,0.0092641194661458
5,0.0092806199017693
6,0.0092209890776989
7,0.009191026874617
8,0.0091414180456423
9,0.00912787213045
10,0.0092006758147594
11,0.0095109677782245
12,0.0097968157599954
13,0.0099086275287702
14,0.0093473425098493
15,0.0093936452678605
16,0.0093423805984796
17,0.0092548688252766
18,0.009247314228731
19,0.0092189255882711
20,0.0093128251094444